Row,Col,D_Base,D_Med,D_MedT,D_Tip,S_Total,S_Prox,S_Dist,M_Total,M_Prox,M_Dist,Slope_R,Slope_D,Ratio_R,DatasetID,RatNum,Strain,Sex,Side,,Legend:,,,,,,,,,
1,0,0.12,NaN,NaN,0.015,39,NaN,NaN,NaN,NaN,NaN,0.00135,0.00269,8,1,NaN,NaN,NaN,NaN,,,,,,,,,,,
2,0,0.09,NaN,NaN,0.001,29,NaN,NaN,NaN,NaN,NaN,0.00153,0.00307,90,1,NaN,NaN,NaN,NaN,,DatasetID,,,Units,,,,,,
3,0,0.17,NaN,NaN,0.005,58,NaN,NaN,NaN,NaN,NaN,0.00142,0.00284,34,1,NaN,NaN,NaN,NaN,,1) Neimark et al. 2003,,,D_Base (mm),,,,,,
4,0,0.15,NaN,NaN,0.03,42,NaN,NaN,NaN,NaN,NaN,0.00143,0.00286,5,1,NaN,NaN,NaN,NaN,,2) Voges et al. 2012,,,D_Med (mm),,,,,,
1,1,0.12,NaN,NaN,0.012,47,NaN,NaN,NaN,NaN,NaN,0.00115,0.00230,10,1,NaN,NaN,NaN,NaN,,"3) Ibrahim and Wright, 1975",,,D_MedT (mm),,,,,,
2,1,0.145,NaN,NaN,0.03,34,NaN,NaN,NaN,NaN,NaN,0.00169,0.00338,5,1,NaN,NaN,NaN,NaN,,4) Hartmann et al. 2003,,,D_Tip (mm),,,,,,
3,1,0.09,NaN,NaN,0.025,26,NaN,NaN,NaN,NaN,NaN,0.00125,0.00250,4,1,NaN,NaN,NaN,NaN,,5) Kan et al. 2013,,,S_Total (mm),,,,,,
4,1,0.145,NaN,NaN,0.035,35,NaN,NaN,NaN,NaN,NaN,0.00157,0.00314,4,1,NaN,NaN,NaN,NaN,,6) Birdwell et al. 2007,,,S_Prox (mm),,,,,,
5,1,0.155,NaN,NaN,0.025,36,NaN,NaN,NaN,NaN,NaN,0.00181,0.00361,6,1,NaN,NaN,NaN,NaN,,7) Present Study (Dataset 2),,,S_Dist (mm),,,,,,
1,2,0.13,NaN,NaN,0.006,34,NaN,NaN,NaN,NaN,NaN,0.00182,0.00365,22,1,NaN,NaN,NaN,NaN,,8) Present Study (Dataset 1),,,M_Total (micrograms),,,,,,
2,2,0.085,NaN,NaN,0.035,24,NaN,NaN,NaN,NaN,NaN,0.00104,0.00208,2,1,NaN,NaN,NaN,NaN,,,,,M_Prox (micrograms),,,,,,
3,2,0.14,NaN,NaN,0.001,37,NaN,NaN,NaN,NaN,NaN,0.00188,0.00376,140,1,NaN,NaN,NaN,NaN,,Strain,,,M_Dist (micrograms),,,,,,
5,2,0.18,NaN,NaN,0.005,38,NaN,NaN,NaN,NaN,NaN,0.00230,0.00461,36,1,NaN,NaN,NaN,NaN,,1) Sprague-Dawley,,,,,,,,,
1,3,0.098,NaN,NaN,0.002,24,NaN,NaN,NaN,NaN,NaN,0.00200,0.00400,49,1,NaN,NaN,NaN,NaN,,2) Long-Evans,,,Row and Column,,,,,,
2,3,0.115,NaN,NaN,0.005,26,NaN,NaN,NaN,NaN,NaN,0.00212,0.00423,23,1,NaN,NaN,NaN,NaN,,3) Wistar Hannover,,,Column 0 - Greek arc,,,,,,
3,3,0.125,NaN,NaN,0.005,28,NaN,NaN,NaN,NaN,NaN,0.00214,0.00429,25,1,NaN,NaN,NaN,NaN,,,,,Row 1 - A ,,,,,,
4,3,0.14,NaN,NaN,0.005,28,NaN,NaN,NaN,NaN,NaN,0.00241,0.00482,28,1,NaN,NaN,NaN,NaN,,Sex,,,Row 5 - E,,,,,,
5,3,0.155,NaN,NaN,0.005,28,NaN,NaN,NaN,NaN,NaN,0.00268,0.00536,31,1,NaN,NaN,NaN,NaN,,0) Male,,,,,,,,,
1,0,0.140,NaN,NaN,0.002,47,NaN,NaN,NaN,NaN,NaN,0.00147,0.00294,70,2,1,3,1,NaN,,1) Female,,,Notes,,,,,,
1,1,0.131,NaN,NaN,0.003,42,NaN,NaN,NaN,NaN,NaN,0.00152,0.00305,44,2,1,3,1,NaN,,,,,Data from Neimark et al. 2003 is listed in this spreadsheet with the,,,,,,
1,2,0.089,NaN,NaN,0.001,27,NaN,NaN,NaN,NaN,NaN,0.00163,0.00326,89,2,1,3,1,NaN,,Side,,,number of significant digits reported in Table 2 of Neimark et al. 2003.,,,,,,
1,3,0.080,NaN,NaN,0.002,20,NaN,NaN,NaN,NaN,NaN,0.00195,0.00390,40,2,1,3,1,NaN,,0) Left,,,,,,,,,
1,4,0.063,NaN,NaN,0.001,13,NaN,NaN,NaN,NaN,NaN,0.00238,0.00477,63,2,1,3,1,NaN,,1) Right,,,,,,,,,
2,0,0.153,NaN,NaN,0.003,50,NaN,NaN,NaN,NaN,NaN,0.00150,0.00300,51,2,1,3,1,NaN,,,,,,,,,,,
2,1,0.145,NaN,NaN,0.003,45,NaN,NaN,NaN,NaN,NaN,0.00158,0.00316,48,2,1,3,1,NaN,,,,,,,,,,,
2,2,0.126,NaN,NaN,0.002,33,NaN,NaN,NaN,NaN,NaN,0.00188,0.00376,63,2,1,3,1,NaN,,,,,,,,,,,
2,3,0.095,NaN,NaN,0.002,23,NaN,NaN,NaN,NaN,NaN,0.00202,0.00404,48,2,1,3,1,NaN,,,,,,,,,,,
2,4,0.069,NaN,NaN,0.003,13,NaN,NaN,NaN,NaN,NaN,0.00254,0.00508,23,2,1,3,1,NaN,,,,,,,,,,,
3,1,0.167,NaN,NaN,0.002,44,NaN,NaN,NaN,NaN,NaN,0.00188,0.00375,84,2,1,3,1,NaN,,,,,,,,,,,
3,2,0.143,NaN,NaN,0.002,33,NaN,NaN,NaN,NaN,NaN,0.00214,0.00427,72,2,1,3,1,NaN,,,,,,,,,,,
3,3,0.113,NaN,NaN,0.001,22,NaN,NaN,NaN,NaN,NaN,0.00255,0.00509,113,2,1,3,1,NaN,,,,,,,,,,,
3,4,0.087,NaN,NaN,0.002,13,NaN,NaN,NaN,NaN,NaN,0.00327,0.00654,44,2,1,3,1,NaN,,,,,,,,,,,
4,0,0.148,NaN,NaN,0.001,48,NaN,NaN,NaN,NaN,NaN,0.00153,0.00306,148,2,1,3,1,NaN,,,,,,,,,,,
4,1,0.174,NaN,NaN,0.007,45,NaN,NaN,NaN,NaN,NaN,0.00186,0.00371,25,2,1,3,1,NaN,,,,,,,,,,,
4,2,0.156,NaN,NaN,0.002,35,NaN,NaN,NaN,NaN,NaN,0.00220,0.00440,78,2,1,3,1,NaN,,,,,,,,,,,
4,3,0.135,NaN,NaN,0.002,26,NaN,NaN,NaN,NaN,NaN,0.00256,0.00512,68,2,1,3,1,NaN,,,,,,,,,,,
4,4,0.112,NaN,NaN,0.001,18,NaN,NaN,NaN,NaN,NaN,0.00308,0.00617,112,2,1,3,1,NaN,,,,,,,,,,,
5,1,0.187,NaN,NaN,0.005,47,NaN,NaN,NaN,NaN,NaN,0.00194,0.00387,37,2,1,3,1,NaN,,,,,,,,,,,
5,2,0.175,NaN,NaN,0.006,34,NaN,NaN,NaN,NaN,NaN,0.00249,0.00497,29,2,1,3,1,NaN,,,,,,,,,,,
5,3,0.150,NaN,NaN,0.003,26,NaN,NaN,NaN,NaN,NaN,0.00283,0.00565,50,2,1,3,1,NaN,,,,,,,,,,,
5,4,0.115,NaN,NaN,0.003,18,NaN,NaN,NaN,NaN,NaN,0.00311,0.00622,38,2,1,3,1,NaN,,,,,,,,,,,
2,0,0.180,NaN,NaN,0.005,52,NaN,NaN,NaN,NaN,NaN,0.00168,0.00337,36,3,1,3,0,NaN,,,,,,,,,,,
1,1,0.169,NaN,NaN,0.005,44,NaN,NaN,NaN,NaN,NaN,0.00186,0.00373,34,3,1,3,0,NaN,,,,,,,,,,,
1,2,0.122,NaN,NaN,0.005,31,NaN,NaN,NaN,NaN,NaN,0.00189,0.00377,24,3,1,3,0,NaN,,,,,,,,,,,
1,3,0.111,NaN,NaN,0.005,22,NaN,NaN,NaN,NaN,NaN,0.00241,0.00482,22,3,1,3,0,NaN,,,,,,,,,,,
1,4,0.088,NaN,NaN,0.005,14,NaN,NaN,NaN,NaN,NaN,0.00296,0.00593,18,3,1,3,0,NaN,,,,,,,,,,,
1,0,0.209,NaN,NaN,0.004,52,NaN,NaN,NaN,NaN,NaN,0.00197,0.00394,52,4,1,1,1,NaN,,,,,,,,,,,
2,0,0.144,NaN,NaN,0.002,54,NaN,NaN,NaN,NaN,NaN,0.00131,0.00263,72,4,1,1,1,NaN,,,,,,,,,,,
3,0,0.202,NaN,NaN,0.008,60,NaN,NaN,NaN,NaN,NaN,0.00162,0.00323,25,4,1,1,1,NaN,,,,,,,,,,,
4,0,0.171,NaN,NaN,0.005,56,NaN,NaN,NaN,NaN,NaN,0.00148,0.00296,34,4,1,1,1,NaN,,,,,,,,,,,
1,1,0.139,NaN,NaN,0.003,49,NaN,NaN,NaN,NaN,NaN,0.00139,0.00278,46,4,1,1,1,NaN,,,,,,,,,,,
2,1,0.189,NaN,NaN,0.005,49,NaN,NaN,NaN,NaN,NaN,0.00188,0.00376,38,4,1,1,1,NaN,,,,,,,,,,,
3,1,0.220,NaN,NaN,0.006,53,NaN,NaN,NaN,NaN,NaN,0.00202,0.00404,37,4,1,1,1,NaN,,,,,,,,,,,
4,1,0.252,NaN,NaN,0.004,49,NaN,NaN,NaN,NaN,NaN,0.00253,0.00506,63,4,1,1,1,NaN,,,,,,,,,,,
5,1,0.187,NaN,NaN,0.010,48,NaN,NaN,NaN,NaN,NaN,0.00184,0.00369,19,4,1,1,1,NaN,,,,,,,,,,,
1,2,0.133,NaN,NaN,0.014,37,NaN,NaN,NaN,NaN,NaN,0.00161,0.00322,10,4,1,1,1,NaN,,,,,,,,,,,
2,2,0.162,NaN,NaN,0.047,31,NaN,NaN,NaN,NaN,NaN,0.00185,0.00371,3,4,1,1,1,NaN,,,,,,,,,,,
3,2,0.117,NaN,NaN,0.005,30,NaN,NaN,NaN,NaN,NaN,0.00187,0.00373,23,4,1,1,1,NaN,,,,,,,,,,,
4,2,0.180,NaN,NaN,0.010,35,NaN,NaN,NaN,NaN,NaN,0.00243,0.00486,18,4,1,1,1,NaN,,,,,,,,,,,
5,2,0.171,NaN,NaN,0.011,35,NaN,NaN,NaN,NaN,NaN,0.00229,0.00457,16,4,1,1,1,NaN,,,,,,,,,,,
1,3,0.083,NaN,NaN,0.002,23,NaN,NaN,NaN,NaN,NaN,0.00176,0.00352,42,4,1,1,1,NaN,,,,,,,,,,,
2,3,0.212,NaN,NaN,0.003,26,NaN,NaN,NaN,NaN,NaN,0.00402,0.00804,71,4,1,1,1,NaN,,,,,,,,,,,
3,3,0.158,NaN,NaN,0.008,35,NaN,NaN,NaN,NaN,NaN,0.00214,0.00429,20,4,1,1,1,NaN,,,,,,,,,,,
4,3,0.180,NaN,NaN,0.006,27,NaN,NaN,NaN,NaN,NaN,0.00322,0.00644,30,4,1,1,1,NaN,,,,,,,,,,,
5,3,0.191,NaN,NaN,0.006,26,NaN,NaN,NaN,NaN,NaN,0.00356,0.00712,32,4,1,1,1,NaN,,,,,,,,,,,
1,4,0.094,NaN,NaN,0.004,22,NaN,NaN,NaN,NaN,NaN,0.00205,0.00409,24,4,1,1,1,NaN,,,,,,,,,,,
2,4,0.109,NaN,NaN,0.002,25,NaN,NaN,NaN,NaN,NaN,0.00214,0.00428,55,4,1,1,1,NaN,,,,,,,,,,,
3,4,0.137,NaN,NaN,0.004,26,NaN,NaN,NaN,NaN,NaN,0.00256,0.00512,34,4,1,1,1,NaN,,,,,,,,,,,
4,4,0.124,NaN,NaN,0.004,28,NaN,NaN,NaN,NaN,NaN,0.00214,0.00429,31,4,1,1,1,NaN,,,,,,,,,,,
5,4,0.158,NaN,NaN,0.002,17,NaN,NaN,NaN,NaN,NaN,0.00459,0.00918,79,4,1,1,1,NaN,,,,,,,,,,,
1,0,0.1787,NaN,NaN,NaN,68,NaN,NaN,NaN,NaN,NaN,NaN,NaN,NaN,5,1,1,1,NaN,,,,,,,,,,,
2,0,0.1990,NaN,NaN,NaN,58,NaN,NaN,NaN,NaN,NaN,NaN,NaN,NaN,5,1,1,1,NaN,,,,,,,,,,,
3,0,0.1911,NaN,NaN,NaN,33,NaN,NaN,NaN,NaN,NaN,NaN,NaN,NaN,5,1,1,1,NaN,,,,,,,,,,,
4,0,0.1813,NaN,NaN,NaN,34,NaN,NaN,NaN,NaN,NaN,NaN,NaN,NaN,5,1,1,1,NaN,,,,,,,,,,,
1,1,0.1267,NaN,NaN,NaN,41,NaN,NaN,NaN,NaN,NaN,NaN,NaN,NaN,5,1,1,1,NaN,,,,,,,,,,,
1,2,0.1097,NaN,NaN,NaN,31,NaN,NaN,NaN,NaN,NaN,NaN,NaN,NaN,5,1,1,1,NaN,,,,,,,,,,,
1,3,0.1117,NaN,NaN,NaN,37,NaN,NaN,NaN,NaN,NaN,NaN,NaN,NaN,5,1,1,1,NaN,,,,,,,,,,,
1,4,0.0873,NaN,NaN,NaN,32,NaN,NaN,NaN,NaN,NaN,NaN,NaN,NaN,5,1,1,1,NaN,,,,,,,,,,,
2,1,0.1402,NaN,NaN,NaN,39,NaN,NaN,NaN,NaN,NaN,NaN,NaN,NaN,5,1,1,1,NaN,,,,,,,,,,,
2,2,0.1260,NaN,NaN,NaN,42,NaN,NaN,NaN,NaN,NaN,NaN,NaN,NaN,5,1,1,1,NaN,,,,,,,,,,,
2,3,0.0953,NaN,NaN,NaN,27,NaN,NaN,NaN,NaN,NaN,NaN,NaN,NaN,5,1,1,1,NaN,,,,,,,,,,,
2,4,0.1017,NaN,NaN,NaN,19,NaN,NaN,NaN,NaN,NaN,NaN,NaN,NaN,5,1,1,1,NaN,,,,,,,,,,,
3,1,0.1587,NaN,NaN,NaN,37,NaN,NaN,NaN,NaN,NaN,NaN,NaN,NaN,5,1,1,1,NaN,,,,,,,,,,,
3,2,0.1447,NaN,NaN,NaN,38,NaN,NaN,NaN,NaN,NaN,NaN,NaN,NaN,5,1,1,1,NaN,,,,,,,,,,,
3,3,0.1233,NaN,NaN,NaN,36,NaN,NaN,NaN,NaN,NaN,NaN,NaN,NaN,5,1,1,1,NaN,,,,,,,,,,,
3,4,0.0840,NaN,NaN,NaN,24,NaN,NaN,NaN,NaN,NaN,NaN,NaN,NaN,5,1,1,1,NaN,,,,,,,,,,,
4,1,0.1707,NaN,NaN,NaN,64,NaN,NaN,NaN,NaN,NaN,NaN,NaN,NaN,5,1,1,1,NaN,,,,,,,,,,,
4,2,0.1550,NaN,NaN,NaN,38,NaN,NaN,NaN,NaN,NaN,NaN,NaN,NaN,5,1,1,1,NaN,,,,,,,,,,,
4,3,0.1163,NaN,NaN,NaN,34,NaN,NaN,NaN,NaN,NaN,NaN,NaN,NaN,5,1,1,1,NaN,,,,,,,,,,,
4,4,0.0920,NaN,NaN,NaN,20,NaN,NaN,NaN,NaN,NaN,NaN,NaN,NaN,5,1,1,1,NaN,,,,,,,,,,,
5,1,0.1893,NaN,NaN,NaN,37,NaN,NaN,NaN,NaN,NaN,NaN,NaN,NaN,5,1,1,1,NaN,,,,,,,,,,,
5,2,0.1663,NaN,NaN,NaN,46,NaN,NaN,NaN,NaN,NaN,NaN,NaN,NaN,5,1,1,1,NaN,,,,,,,,,,,
5,3,0.1460,NaN,NaN,NaN,35,NaN,NaN,NaN,NaN,NaN,NaN,NaN,NaN,5,1,1,1,NaN,,,,,,,,,,,
5,4,0.0997,NaN,NaN,NaN,23,NaN,NaN,NaN,NaN,NaN,NaN,NaN,NaN,5,1,1,1,NaN,,,,,,,,,,,
2,0,0.225,NaN,NaN,NaN,66.2,NaN,NaN,NaN,NaN,NaN,NaN,NaN,NaN,6,NaN,1,1,NaN,,,,,,,,,,,
3,0,0.199,NaN,NaN,NaN,60.3,NaN,NaN,NaN,NaN,NaN,NaN,NaN,NaN,6,NaN,1,1,NaN,,,,,,,,,,,
1,1,0.160,NaN,NaN,NaN,51.7,NaN,NaN,NaN,NaN,NaN,NaN,NaN,NaN,6,NaN,1,1,NaN,,,,,,,,,,,
5,2,0.232,NaN,NaN,NaN,48.1,NaN,NaN,NaN,NaN,NaN,NaN,NaN,NaN,6,NaN,1,1,NaN,,,,,,,,,,,
2,2,0.169,NaN,NaN,NaN,41.1,NaN,NaN,NaN,NaN,NaN,NaN,NaN,NaN,6,NaN,1,1,NaN,,,,,,,,,,,
5,3,0.189,NaN,NaN,NaN,33.3,NaN,NaN,NaN,NaN,NaN,NaN,NaN,NaN,6,NaN,1,1,NaN,,,,,,,,,,,
3,3,0.119,NaN,NaN,NaN,21.5,NaN,NaN,NaN,NaN,NaN,NaN,NaN,NaN,6,NaN,1,1,NaN,,,,,,,,,,,
1,1,0.143,0.032,0.047,NaN,40.8,25.5,15.3,247.3,233.3,14.0,NaN,NaN,NaN,7,1,1,1,0,,,,,,,,,,,
1,3,0.104,0.014,0.051,NaN,20.0,10.0,10.0,81.4,68.4,13.0,NaN,NaN,NaN,7,1,1,1,0,,,,,,,,,,,
2,1,0.158,0.046,0.042,NaN,52.7,38.6,14.1,390.3,378.3,12.0,NaN,NaN,NaN,7,1,1,1,0,,,,,,,,,,,
2,3,0.139,0.034,0.049,NaN,34.0,20.5,13.5,217.0,201.2,15.8,NaN,NaN,NaN,7,1,1,1,0,,,,,,,,,,,
3,1,0.145,0.031,0.042,NaN,41.3,29.8,11.5,263.9,251.4,12.5,NaN,NaN,NaN,7,1,1,1,0,,,,,,,,,,,
3,3,0.130,0.029,0.058,NaN,22.3,11.4,10.9,125.1,109.1,16.0,NaN,NaN,NaN,7,1,1,1,0,,,,,,,,,,,
4,1,0.204,0.052,0.043,NaN,53.1,42.8,10.3,616.7,611.0,5.7,NaN,NaN,NaN,7,1,1,1,0,,,,,,,,,,,
4,2,0.185,0.054,0.048,NaN,40.3,30.4,9.9,408.9,402.4,6.5,NaN,NaN,NaN,7,1,1,1,0,,,,,,,,,,,
4,3,0.162,0.044,0.040,NaN,29.3,21.8,7.5,234.8,232.5,2.3,NaN,NaN,NaN,7,1,1,1,0,,,,,,,,,,,
4,4,0.105,0.029,0.056,NaN,17.6,9.7,7.9,82.1,72.4,9.7,NaN,NaN,NaN,7,1,1,1,0,,,,,,,,,,,
5,1,0.199,0.053,0.044,NaN,54.7,45.9,8.8,712.3,704.2,8.1,NaN,NaN,NaN,7,1,1,1,0,,,,,,,,,,,
5,3,0.154,0.044,0.049,NaN,25.8,17.3,8.5,193.1,185.7,7.4,NaN,NaN,NaN,7,1,1,1,0,,,,,,,,,,,
3,0,0.184,0.044,0.041,NaN,62.3,50.4,11.9,631.2,621.8,9.4,NaN,NaN,NaN,7,1,1,1,0,,,,,,,,,,,
2,0,0.124,0.040,0.038,NaN,36.0,23.6,12.4,177.4,165.5,11.9,NaN,NaN,NaN,7,1,1,1,0,,,,,,,,,,,
1,1,0.139,0.049,0.045,0.005,37.5,25.8,11.7,246.2,229.9,16.3,0.00179,0.00357,28,7,1,1,1,1,,,,,,,,,,,
1,2,0.104,0.012,0.045,0.012,28.7,21.0,7.7,128.3,115.6,12.7,0.00160,0.00321,9,7,1,1,1,1,,,,,,,,,,,
1,3,0.085,0.014,0.051,0.003,19.9,8.5,11.4,60.0,46.6,13.4,0.00206,0.00412,28,7,1,1,1,1,,,,,,,,,,,
2,1,0.160,0.054,0.043,0.006,46.9,32.9,14.0,361.4,348.5,12.9,0.00164,0.00328,27,7,1,1,1,1,,,,,,,,,,,
2,2,0.073,0.017,0.048,0.005,19.6,7.7,11.9,239.7,225.9,13.8,0.00173,0.00347,15,7,1,1,1,1,,,,,,,,,,,
2,3,0.101,0.032,0.046,NaN,18.7,10.5,8.2,73.1,63.3,9.8,NaN,NaN,NaN,7,1,1,1,1,,,,,,,,,,,
3,1,0.163,0.044,0.039,0.004,50.4,38.0,12.4,426.5,417.0,9.5,0.00158,0.00315,41,7,1,1,1,1,,,,,,,,,,,
3,2,0.166,0.056,0.043,0.004,35.2,25.0,10.2,283.1,274.3,8.8,0.00230,0.00460,42,7,1,1,1,1,,,,,,,,,,,
3,3,0.125,0.033,0.050,0.005,23.2,13.2,10.0,120.2,109.6,10.6,0.00259,0.00517,25,7,1,1,1,1,,,,,,,,,,,
3,4,0.100,0.024,0.064,0.003,15.6,6.0,9.6,58.8,44.2,14.6,0.00311,0.00622,33,7,1,1,1,1,,,,,,,,,,,
3,6,0.053,0.011,0.049,0.005,4.2,4.1,0.1,NaN,NaN,NaN,0.00571,0.01143,11,7,1,1,1,1,,,,,,,,,,,
4,1,0.205,0.071,0.038,0.005,56.5,45.9,10.6,NaN,638.1,NaN,0.00177,0.00354,41,7,1,1,1,1,,,,,,,,,,,
4,2,0.178,0.074,0.045,0.007,37.4,27.3,10.1,339.9,329.7,10.2,0.00229,0.00457,25,7,1,1,1,1,,,,,,,,,,,
4,3,0.169,0.063,0.037,NaN,28.4,21.5,6.9,246.6,240.9,5.7,NaN,NaN,NaN,7,1,1,1,1,,,,,,,,,,,
4,4,0.107,0.035,0.058,0.014,14.4,7.1,7.3,66.9,53.9,13.0,0.00323,0.00646,8,7,1,1,1,1,,,,,,,,,,,
5,1,0.213,0.084,0.038,0.008,49.6,42.4,7.2,634.1,628.3,5.8,0.00207,0.00413,27,7,1,1,1,1,,,,,,,,,,,
5,2,0.200,0.092,0.039,NaN,37.9,31.1,6.8,437.3,435.9,1.4,NaN,NaN,NaN,7,1,1,1,1,,,,,,,,,,,
5,3,0.174,0.068,0.037,0.009,25.6,19.8,5.8,NaN,216.4,NaN,0.00322,0.00645,19,7,1,1,1,1,,,,,,,,,,,
5,4,0.134,0.052,0.052,0.005,17.0,9.9,7.1,97.1,89.0,8.1,0.00379,0.00759,27,7,1,1,1,1,,,,,,,,,,,
1,0,0.145,0.043,0.043,0.006,47.0,31.2,15.8,274.9,261.3,13.6,0.00148,0.00296,24,7,1,1,1,1,,,,,,,,,,,
2,0,0.161,0.045,0.043,0.006,40.3,38.9,1.4,424.2,410.8,13.4,0.00192,0.00385,27,7,1,1,1,1,,,,,,,,,,,
3,0,0.158,0.054,0.043,0.004,51.0,39.1,11.9,NaN,374.2,NaN,0.00151,0.00302,40,7,1,1,1,1,,,,,,,,,,,
4,0,0.214,0.074,0.031,NaN,64.6,61.8,2.8,NaN,883.8,NaN,NaN,NaN,NaN,7,1,1,1,1,,,,,,,,,,,
1,1,0.143,0.044,0.029,0.004,43.9,34.9,9.0,292.9,287.3,5.6,0.00158,0.00317,36,7,2,1,0,1,,,,,,,,,,,
1,3,0.095,0.026,0.044,0.003,21.9,12.0,9.9,76.4,67.3,9.1,0.00210,0.00420,32,7,2,1,0,1,,,,,,,,,,,
1,4,0.075,0.011,0.055,0.019,12.0,4.8,7.2,39.0,25.1,13.9,0.00233,0.00467,4,7,2,1,0,1,,,,,,,,,,,
2,1,0.163,0.060,0.040,0.005,52.0,42.3,9.7,466.7,459.1,7.6,0.00152,0.00304,33,7,2,1,0,1,,,,,,,,,,,
2,2,0.148,0.051,0.037,0.007,36.6,28.4,8.2,265.5,260.0,5.5,0.00193,0.00385,21,7,2,1,0,1,,,,,,,,,,,
2,3,0.089,0.024,0.047,0.003,19.2,10.6,8.6,62.0,53.4,8.6,0.00224,0.00448,30,7,2,1,0,1,,,,,,,,,,,
2,4,0.081,0.010,0.062,0.003,13.1,4.3,8.8,40.6,25.8,14.8,0.00298,0.00595,27,7,2,1,0,1,,,,,,,,,,,
3,2,0.159,0.052,0.040,0.004,36.5,28.0,8.5,327.6,320.5,7.1,0.00212,0.00425,40,7,2,1,0,1,,,,,,,,,,,
3,3,0.115,0.029,0.038,0.003,19.9,13.7,6.2,96.3,91.5,4.8,0.00281,0.00563,38,7,2,1,0,1,,,,,,,,,,,
3,4,0.101,0.016,0.053,0.004,15.0,7.6,7.4,63.5,54.1,9.4,0.00323,0.00647,25,7,2,1,0,1,,,,,,,,,,,
4,1,0.203,0.068,0.034,0.004,52.1,45.6,6.5,675.4,671.2,4.2,0.00191,0.00382,51,7,2,1,0,1,,,,,,,,,,,
4,5,0.105,0.022,0.060,0.004,12.9,5.9,7.0,54.9,44.4,10.5,0.00391,0.00783,26,7,2,1,0,1,,,,,,,,,,,
5,3,0.151,0.058,0.039,0.004,26.6,21.0,5.6,207.3,202.6,4.7,0.00276,0.00553,38,7,2,1,0,1,,,,,,,,,,,
5,4,0.132,0.047,0.045,0.004,18.5,12.5,6.0,112.3,106.5,5.8,0.00346,0.00692,33,7,2,1,0,1,,,,,,,,,,,
5,5,0.093,0.031,0.055,0.003,10.9,5.2,5.7,39.0,31.7,7.3,0.00413,0.00826,31,7,2,1,0,1,,,,,,,,,,,
1,0,0.154,0.047,0.039,0.004,50.3,40.8,9.5,379.9,372.5,7.4,0.00149,0.00298,39,7,2,1,0,1,,,,,,,,,,,
2,0,0.134,0.040,0.038,0.007,45.1,36.3,8.8,251.4,243.7,7.7,0.00141,0.00282,19,7,2,1,0,1,,,,,,,,,,,
3,0,0.134,0.044,0.041,0.004,49.7,41.3,8.4,375.3,368.1,7.2,0.00131,0.00262,34,7,2,1,0,1,,,,,,,,,,,
4,0,0.101,0.025,0.041,0.006,35.8,28.2,7.6,170.8,164.1,6.7,0.00133,0.00265,17,7,2,1,0,1,,,,,,,,,,,
1,1,0.154,0.060,0.039,0.006,41.7,30.3,11.4,277.1,268.9,8.2,0.00177,0.00355,26,7,3,1,0,0,,,,,,,,,,,
1,4,0.076,0.016,0.048,0.005,13.9,6.4,7.5,39.5,32.1,7.4,0.00255,0.00511,15,7,3,1,0,0,,,,,,,,,,,
2,1,0.171,0.068,0.040,0.003,48.2,37.7,10.5,414.2,405.8,8.4,0.00174,0.00349,57,7,3,1,0,0,,,,,,,,,,,
2,2,0.153,0.050,0.038,0.005,35.3,26.1,9.2,239.3,233.7,5.6,0.00210,0.00419,31,7,3,1,0,0,,,,,,,,,,,
2,3,0.099,0.027,0.041,0.005,20.6,12.8,7.8,74.3,68.6,5.7,0.00228,0.00456,20,7,3,1,0,0,,,,,,,,,,,
3,2,0.167,0.056,0.040,0.003,36.6,27.7,8.9,307.9,301.5,6.4,0.00224,0.00448,56,7,3,1,0,0,,,,,,,,,,,
3,4,0.103,0.026,0.051,0.003,16.5,8.9,7.6,71.1,63.1,8.0,0.00303,0.00606,34,7,3,1,0,0,,,,,,,,,,,
4,3,0.134,0.057,0.041,0.006,24.9,18.3,6.6,150.2,145.6,4.6,0.00257,0.00514,22,7,3,1,0,0,,,,,,,,,,,
4,4,0.136,0.045,0.046,0.005,20.6,14.5,6.1,135.9,130.6,5.3,0.00318,0.00636,27,7,3,1,0,0,,,,,,,,,,,
4,6,0.081,0.018,0.065,0.004,8.6,2.9,5.7,23.6,14.3,9.3,0.00448,0.00895,20,7,3,1,0,0,,,,,,,,,,,
5,3,0.158,0.062,0.044,0.005,26.4,20.2,6.2,208.0,202.7,5.3,0.00290,0.00580,32,7,3,1,0,0,,,,,,,,,,,
5,6,0.092,0.015,0.059,0.003,6.4,3.0,3.4,26.0,19.9,6.1,0.00695,0.01391,31,7,3,1,0,0,,,,,,,,,,,
1,0,0.160,0.048,0.048,0.003,44.9,37.1,7.8,343.0,334.5,8.5,0.00175,0.00350,53,7,3,1,0,0,,,,,,,,,,,
2,0,0.171,0.053,0.038,0.005,54.9,49.6,5.3,477.7,470.7,7.0,0.00151,0.00302,34,7,3,1,0,0,,,,,,,,,,,
1,1,0.109,NaN,NaN,NaN,37.7,NaN,NaN,NaN,NaN,NaN,NaN,NaN,NaN,8,NaN,2,1,NaN,,,,,,,,,,,
1,0,0.120,NaN,NaN,NaN,42.5,NaN,NaN,NaN,NaN,NaN,NaN,NaN,NaN,8,NaN,2,1,NaN,,,,,,,,,,,
2,1,0.141,NaN,NaN,NaN,43.5,NaN,NaN,NaN,NaN,NaN,NaN,NaN,NaN,8,NaN,2,1,NaN,,,,,,,,,,,
2,2,0.119,NaN,NaN,NaN,26.0,NaN,NaN,NaN,NaN,NaN,NaN,NaN,NaN,8,NaN,2,1,NaN,,,,,,,,,,,
2,3,0.085,NaN,NaN,NaN,20.3,NaN,NaN,NaN,NaN,NaN,NaN,NaN,NaN,8,NaN,2,1,NaN,,,,,,,,,,,
2,4,0.060,NaN,NaN,NaN,12.4,NaN,NaN,NaN,NaN,NaN,NaN,NaN,NaN,8,NaN,2,1,NaN,,,,,,,,,,,
2,0,0.111,NaN,NaN,NaN,52.8,NaN,NaN,NaN,NaN,NaN,NaN,NaN,NaN,8,NaN,2,1,NaN,,,,,,,,,,,
3,1,0.146,NaN,NaN,NaN,43.7,NaN,NaN,NaN,NaN,NaN,NaN,NaN,NaN,8,NaN,2,1,NaN,,,,,,,,,,,
3,2,0.134,NaN,NaN,NaN,33.1,NaN,NaN,NaN,NaN,NaN,NaN,NaN,NaN,8,NaN,2,1,NaN,,,,,,,,,,,
3,3,0.094,NaN,NaN,NaN,20.2,NaN,NaN,NaN,NaN,NaN,NaN,NaN,NaN,8,NaN,2,1,NaN,,,,,,,,,,,
3,4,0.074,NaN,NaN,NaN,15.2,NaN,NaN,NaN,NaN,NaN,NaN,NaN,NaN,8,NaN,2,1,NaN,,,,,,,,,,,
3,5,0.086,NaN,NaN,NaN,11.5,NaN,NaN,NaN,NaN,NaN,NaN,NaN,NaN,8,NaN,2,1,NaN,,,,,,,,,,,
4,1,0.169,NaN,NaN,NaN,47.5,NaN,NaN,NaN,NaN,NaN,NaN,NaN,NaN,8,NaN,2,1,NaN,,,,,,,,,,,
4,2,0.152,NaN,NaN,NaN,36.1,NaN,NaN,NaN,NaN,NaN,NaN,NaN,NaN,8,NaN,2,1,NaN,,,,,,,,,,,
4,3,0.105,NaN,NaN,NaN,24.2,NaN,NaN,NaN,NaN,NaN,NaN,NaN,NaN,8,NaN,2,1,NaN,,,,,,,,,,,
4,4,0.085,NaN,NaN,NaN,14.7,NaN,NaN,NaN,NaN,NaN,NaN,NaN,NaN,8,NaN,2,1,NaN,,,,,,,,,,,
4,5,0.075,NaN,NaN,NaN,11.0,NaN,NaN,NaN,NaN,NaN,NaN,NaN,NaN,8,NaN,2,1,NaN,,,,,,,,,,,
4,6,0.091,NaN,NaN,NaN,10.7,NaN,NaN,NaN,NaN,NaN,NaN,NaN,NaN,8,NaN,2,1,NaN,,,,,,,,,,,
4,0,0.142,NaN,NaN,NaN,47.0,NaN,NaN,NaN,NaN,NaN,NaN,NaN,NaN,8,NaN,2,1,NaN,,,,,,,,,,,
5,1,0.170,NaN,NaN,NaN,48.5,NaN,NaN,NaN,NaN,NaN,NaN,NaN,NaN,8,NaN,2,1,NaN,,,,,,,,,,,
5,2,0.176,NaN,NaN,NaN,38.7,NaN,NaN,NaN,NaN,NaN,NaN,NaN,NaN,8,NaN,2,1,NaN,,,,,,,,,,,
5,3,0.159,NaN,NaN,NaN,25.7,NaN,NaN,NaN,NaN,NaN,NaN,NaN,NaN,8,NaN,2,1,NaN,,,,,,,,,,,
5,4,0.111,NaN,NaN,NaN,15.8,NaN,NaN,NaN,NaN,NaN,NaN,NaN,NaN,8,NaN,2,1,NaN,,,,,,,,,,,
5,5,0.104,NaN,NaN,NaN,9.8,NaN,NaN,NaN,NaN,NaN,NaN,NaN,NaN,8,NaN,2,1,NaN,,,,,,,,,,,
5,6,0.080,NaN,NaN,NaN,7.7,NaN,NaN,NaN,NaN,NaN,NaN,NaN,NaN,8,NaN,2,1,NaN,,,,,,,,,,,
3,0,0.141,NaN,NaN,NaN,51.3,NaN,NaN,NaN,NaN,NaN,NaN,NaN,NaN,8,NaN,2,1,NaN,,,,,,,,,,,
1,1,0.129,NaN,NaN,NaN,35.8,NaN,NaN,NaN,NaN,NaN,NaN,NaN,NaN,8,NaN,2,1,NaN,,,,,,,,,,,
1,2,0.103,NaN,NaN,NaN,27.5,NaN,NaN,NaN,NaN,NaN,NaN,NaN,NaN,8,NaN,2,1,NaN,,,,,,,,,,,
1,4,0.064,NaN,NaN,NaN,10.7,NaN,NaN,NaN,NaN,NaN,NaN,NaN,NaN,8,NaN,2,1,NaN,,,,,,,,,,,
1,0,0.116,NaN,NaN,NaN,39.3,NaN,NaN,NaN,NaN,NaN,NaN,NaN,NaN,8,NaN,2,1,NaN,,,,,,,,,,,
2,1,0.137,NaN,NaN,NaN,42.4,NaN,NaN,NaN,NaN,NaN,NaN,NaN,NaN,8,NaN,2,1,NaN,,,,,,,,,,,
2,2,0.116,NaN,NaN,NaN,31.6,NaN,NaN,NaN,NaN,NaN,NaN,NaN,NaN,8,NaN,2,1,NaN,,,,,,,,,,,
2,3,0.090,NaN,NaN,NaN,18.7,NaN,NaN,NaN,NaN,NaN,NaN,NaN,NaN,8,NaN,2,1,NaN,,,,,,,,,,,
2,0,0.141,NaN,NaN,NaN,38.8,NaN,NaN,NaN,NaN,NaN,NaN,NaN,NaN,8,NaN,2,1,NaN,,,,,,,,,,,
3,1,0.148,NaN,NaN,NaN,44.4,NaN,NaN,NaN,NaN,NaN,NaN,NaN,NaN,8,NaN,2,1,NaN,,,,,,,,,,,
3,2,0.132,NaN,NaN,NaN,31.9,NaN,NaN,NaN,NaN,NaN,NaN,NaN,NaN,8,NaN,2,1,NaN,,,,,,,,,,,
3,3,0.091,NaN,NaN,NaN,20.8,NaN,NaN,NaN,NaN,NaN,NaN,NaN,NaN,8,NaN,2,1,NaN,,,,,,,,,,,
3,4,0.085,NaN,NaN,NaN,11.7,NaN,NaN,NaN,NaN,NaN,NaN,NaN,NaN,8,NaN,2,1,NaN,,,,,,,,,,,
4,1,0.173,NaN,NaN,NaN,46.7,NaN,NaN,NaN,NaN,NaN,NaN,NaN,NaN,8,NaN,2,1,NaN,,,,,,,,,,,
4,2,0.157,NaN,NaN,NaN,36.9,NaN,NaN,NaN,NaN,NaN,NaN,NaN,NaN,8,NaN,2,1,NaN,,,,,,,,,,,
4,3,0.118,NaN,NaN,NaN,27.1,NaN,NaN,NaN,NaN,NaN,NaN,NaN,NaN,8,NaN,2,1,NaN,,,,,,,,,,,
4,4,0.063,NaN,NaN,NaN,15.5,NaN,NaN,NaN,NaN,NaN,NaN,NaN,NaN,8,NaN,2,1,NaN,,,,,,,,,,,
4,5,0.096,NaN,NaN,NaN,18.7,NaN,NaN,NaN,NaN,NaN,NaN,NaN,NaN,8,NaN,2,1,NaN,,,,,,,,,,,
4,6,0.092,NaN,NaN,NaN,10.7,NaN,NaN,NaN,NaN,NaN,NaN,NaN,NaN,8,NaN,2,1,NaN,,,,,,,,,,,
4,7,0.070,NaN,NaN,NaN,6.9,NaN,NaN,NaN,NaN,NaN,NaN,NaN,NaN,8,NaN,2,1,NaN,,,,,,,,,,,
4,0,0.166,NaN,NaN,NaN,57.9,NaN,NaN,NaN,NaN,NaN,NaN,NaN,NaN,8,NaN,2,1,NaN,,,,,,,,,,,
5,1,0.187,NaN,NaN,NaN,47.6,NaN,NaN,NaN,NaN,NaN,NaN,NaN,NaN,8,NaN,2,1,NaN,,,,,,,,,,,
5,2,0.173,NaN,NaN,NaN,37.6,NaN,NaN,NaN,NaN,NaN,NaN,NaN,NaN,8,NaN,2,1,NaN,,,,,,,,,,,
5,4,0.153,NaN,NaN,NaN,27.3,NaN,NaN,NaN,NaN,NaN,NaN,NaN,NaN,8,NaN,2,1,NaN,,,,,,,,,,,
5,5,0.098,NaN,NaN,NaN,14.7,NaN,NaN,NaN,NaN,NaN,NaN,NaN,NaN,8,NaN,2,1,NaN,,,,,,,,,,,
3,0,0.150,NaN,NaN,NaN,53.4,NaN,NaN,NaN,NaN,NaN,NaN,NaN,NaN,8,NaN,2,1,NaN,,,,,,,,,,,
1,1,0.077,NaN,NaN,NaN,31.9,NaN,NaN,NaN,NaN,NaN,NaN,NaN,NaN,8,NaN,2,1,NaN,,,,,,,,,,,
1,2,0.103,NaN,NaN,NaN,34.7,NaN,NaN,NaN,NaN,NaN,NaN,NaN,NaN,8,NaN,2,1,NaN,,,,,,,,,,,
1,3,0.082,NaN,NaN,NaN,26.9,NaN,NaN,NaN,NaN,NaN,NaN,NaN,NaN,8,NaN,2,1,NaN,,,,,,,,,,,
1,4,0.058,NaN,NaN,NaN,17.4,NaN,NaN,NaN,NaN,NaN,NaN,NaN,NaN,8,NaN,2,1,NaN,,,,,,,,,,,
2,1,0.121,NaN,NaN,NaN,41.7,NaN,NaN,NaN,NaN,NaN,NaN,NaN,NaN,8,NaN,2,1,NaN,,,,,,,,,,,
2,2,0.091,NaN,NaN,NaN,32.5,NaN,NaN,NaN,NaN,NaN,NaN,NaN,NaN,8,NaN,2,1,NaN,,,,,,,,,,,
2,3,0.129,NaN,NaN,NaN,32.2,NaN,NaN,NaN,NaN,NaN,NaN,NaN,NaN,8,NaN,2,1,NaN,,,,,,,,,,,
2,4,0.089,NaN,NaN,NaN,19.7,NaN,NaN,NaN,NaN,NaN,NaN,NaN,NaN,8,NaN,2,1,NaN,,,,,,,,,,,
2,0,0.146,NaN,NaN,NaN,31.3,NaN,NaN,NaN,NaN,NaN,NaN,NaN,NaN,8,NaN,2,1,NaN,,,,,,,,,,,
3,1,0.153,NaN,NaN,NaN,33.1,NaN,NaN,NaN,NaN,NaN,NaN,NaN,NaN,8,NaN,2,1,NaN,,,,,,,,,,,
3,2,0.092,NaN,NaN,NaN,29.9,NaN,NaN,NaN,NaN,NaN,NaN,NaN,NaN,8,NaN,2,1,NaN,,,,,,,,,,,
3,3,0.125,NaN,NaN,NaN,32.1,NaN,NaN,NaN,NaN,NaN,NaN,NaN,NaN,8,NaN,2,1,NaN,,,,,,,,,,,
3,4,0.110,NaN,NaN,NaN,21.1,NaN,NaN,NaN,NaN,NaN,NaN,NaN,NaN,8,NaN,2,1,NaN,,,,,,,,,,,
3,5,0.083,NaN,NaN,NaN,16.6,NaN,NaN,NaN,NaN,NaN,NaN,NaN,NaN,8,NaN,2,1,NaN,,,,,,,,,,,
3,6,0.082,NaN,NaN,NaN,13.8,NaN,NaN,NaN,NaN,NaN,NaN,NaN,NaN,8,NaN,2,1,NaN,,,,,,,,,,,
4,1,0.113,NaN,NaN,NaN,39.6,NaN,NaN,NaN,NaN,NaN,NaN,NaN,NaN,8,NaN,2,1,NaN,,,,,,,,,,,
4,2,0.149,NaN,NaN,NaN,37.1,NaN,NaN,NaN,NaN,NaN,NaN,NaN,NaN,8,NaN,2,1,NaN,,,,,,,,,,,
4,3,0.137,NaN,NaN,NaN,26.7,NaN,NaN,NaN,NaN,NaN,NaN,NaN,NaN,8,NaN,2,1,NaN,,,,,,,,,,,
4,4,0.113,NaN,NaN,NaN,18.1,NaN,NaN,NaN,NaN,NaN,NaN,NaN,NaN,8,NaN,2,1,NaN,,,,,,,,,,,
4,5,0.085,NaN,NaN,NaN,11.2,NaN,NaN,NaN,NaN,NaN,NaN,NaN,NaN,8,NaN,2,1,NaN,,,,,,,,,,,
4,0,0.168,NaN,NaN,NaN,48.7,NaN,NaN,NaN,NaN,NaN,NaN,NaN,NaN,8,NaN,2,1,NaN,,,,,,,,,,,
5,1,0.172,NaN,NaN,NaN,41.6,NaN,NaN,NaN,NaN,NaN,NaN,NaN,NaN,8,NaN,2,1,NaN,,,,,,,,,,,
5,2,0.111,NaN,NaN,NaN,32.3,NaN,NaN,NaN,NaN,NaN,NaN,NaN,NaN,8,NaN,2,1,NaN,,,,,,,,,,,
5,3,0.161,NaN,NaN,NaN,37.1,NaN,NaN,NaN,NaN,NaN,NaN,NaN,NaN,8,NaN,2,1,NaN,,,,,,,,,,,
5,4,0.124,NaN,NaN,NaN,25.7,NaN,NaN,NaN,NaN,NaN,NaN,NaN,NaN,8,NaN,2,1,NaN,,,,,,,,,,,
5,5,0.107,NaN,NaN,NaN,20.7,NaN,NaN,NaN,NaN,NaN,NaN,NaN,NaN,8,NaN,2,1,NaN,,,,,,,,,,,
5,6,0.108,NaN,NaN,NaN,16.4,NaN,NaN,NaN,NaN,NaN,NaN,NaN,NaN,8,NaN,2,1,NaN,,,,,,,,,,,
3,0,0.152,NaN,NaN,NaN,44.3,NaN,NaN,NaN,NaN,NaN,NaN,NaN,NaN,8,NaN,2,1,NaN,,,,,,,,,,,
1,1,0.067,NaN,NaN,NaN,30.3,NaN,NaN,NaN,NaN,NaN,NaN,NaN,NaN,8,NaN,2,1,NaN,,,,,,,,,,,
1,2,0.091,NaN,NaN,NaN,33.6,NaN,NaN,NaN,NaN,NaN,NaN,NaN,NaN,8,NaN,2,1,NaN,,,,,,,,,,,
1,3,0.100,NaN,NaN,NaN,28.9,NaN,NaN,NaN,NaN,NaN,NaN,NaN,NaN,8,NaN,2,1,NaN,,,,,,,,,,,
1,4,0.063,NaN,NaN,NaN,17.6,NaN,NaN,NaN,NaN,NaN,NaN,NaN,NaN,8,NaN,2,1,NaN,,,,,,,,,,,
1,0,0.112,NaN,NaN,NaN,39.8,NaN,NaN,NaN,NaN,NaN,NaN,NaN,NaN,8,NaN,2,1,NaN,,,,,,,,,,,
2,1,0.140,NaN,NaN,NaN,42.1,NaN,NaN,NaN,NaN,NaN,NaN,NaN,NaN,8,NaN,2,1,NaN,,,,,,,,,,,
2,2,0.092,NaN,NaN,NaN,28.8,NaN,NaN,NaN,NaN,NaN,NaN,NaN,NaN,8,NaN,2,1,NaN,,,,,,,,,,,
2,3,0.094,NaN,NaN,NaN,21.4,NaN,NaN,NaN,NaN,NaN,NaN,NaN,NaN,8,NaN,2,1,NaN,,,,,,,,,,,
2,4,0.064,NaN,NaN,NaN,11.3,NaN,NaN,NaN,NaN,NaN,NaN,NaN,NaN,8,NaN,2,1,NaN,,,,,,,,,,,
2,0,0.123,NaN,NaN,NaN,45.2,NaN,NaN,NaN,NaN,NaN,NaN,NaN,NaN,8,NaN,2,1,NaN,,,,,,,,,,,
3,1,0.160,NaN,NaN,NaN,42.4,NaN,NaN,NaN,NaN,NaN,NaN,NaN,NaN,8,NaN,2,1,NaN,,,,,,,,,,,
3,2,0.149,NaN,NaN,NaN,33.8,NaN,NaN,NaN,NaN,NaN,NaN,NaN,NaN,8,NaN,2,1,NaN,,,,,,,,,,,
3,3,0.121,NaN,NaN,NaN,22.3,NaN,NaN,NaN,NaN,NaN,NaN,NaN,NaN,8,NaN,2,1,NaN,,,,,,,,,,,
3,4,0.089,NaN,NaN,NaN,12.7,NaN,NaN,NaN,NaN,NaN,NaN,NaN,NaN,8,NaN,2,1,NaN,,,,,,,,,,,
3,5,0.053,NaN,NaN,NaN,7.3,NaN,NaN,NaN,NaN,NaN,NaN,NaN,NaN,8,NaN,2,1,NaN,,,,,,,,,,,
4,1,0.166,NaN,NaN,NaN,44.3,NaN,NaN,NaN,NaN,NaN,NaN,NaN,NaN,8,NaN,2,1,NaN,,,,,,,,,,,
4,2,0.155,NaN,NaN,NaN,36.9,NaN,NaN,NaN,NaN,NaN,NaN,NaN,NaN,8,NaN,2,1,NaN,,,,,,,,,,,
4,3,0.145,NaN,NaN,NaN,26.0,NaN,NaN,NaN,NaN,NaN,NaN,NaN,NaN,8,NaN,2,1,NaN,,,,,,,,,,,
4,4,0.104,NaN,NaN,NaN,14.2,NaN,NaN,NaN,NaN,NaN,NaN,NaN,NaN,8,NaN,2,1,NaN,,,,,,,,,,,
4,5,0.082,NaN,NaN,NaN,8.8,NaN,NaN,NaN,NaN,NaN,NaN,NaN,NaN,8,NaN,2,1,NaN,,,,,,,,,,,
4,0,0.175,NaN,NaN,NaN,51.5,NaN,NaN,NaN,NaN,NaN,NaN,NaN,NaN,8,NaN,2,1,NaN,,,,,,,,,,,
5,1,0.172,NaN,NaN,NaN,46.5,NaN,NaN,NaN,NaN,NaN,NaN,NaN,NaN,8,NaN,2,1,NaN,,,,,,,,,,,
5,2,0.173,NaN,NaN,NaN,35.9,NaN,NaN,NaN,NaN,NaN,NaN,NaN,NaN,8,NaN,2,1,NaN,,,,,,,,,,,
5,3,0.140,NaN,NaN,NaN,25.3,NaN,NaN,NaN,NaN,NaN,NaN,NaN,NaN,8,NaN,2,1,NaN,,,,,,,,,,,
5,4,0.095,NaN,NaN,NaN,17.7,NaN,NaN,NaN,NaN,NaN,NaN,NaN,NaN,8,NaN,2,1,NaN,,,,,,,,,,,
5,5,0.107,NaN,NaN,NaN,15.8,NaN,NaN,NaN,NaN,NaN,NaN,NaN,NaN,8,NaN,2,1,NaN,,,,,,,,,,,
5,6,0.081,NaN,NaN,NaN,6.9,NaN,NaN,NaN,NaN,NaN,NaN,NaN,NaN,8,NaN,2,1,NaN,,,,,,,,,,,
3,0,0.174,NaN,NaN,NaN,46.3,NaN,NaN,NaN,NaN,NaN,NaN,NaN,NaN,8,NaN,2,1,NaN,,,,,,,,,,,
5,1,0.188,NaN,NaN,NaN,47.7,NaN,NaN,NaN,NaN,NaN,NaN,NaN,NaN,8,3,2,1,0,,,,,,,,,,,
5,5,0.084,NaN,NaN,NaN,8.6,NaN,NaN,NaN,NaN,NaN,NaN,NaN,NaN,8,3,2,1,0,,,,,,,,,,,
5,2,0.163,NaN,NaN,NaN,33.0,NaN,NaN,NaN,NaN,NaN,NaN,NaN,NaN,8,3,2,1,0,,,,,,,,,,,
5,4,0.128,NaN,NaN,NaN,16.3,NaN,NaN,NaN,NaN,NaN,NaN,NaN,NaN,8,3,2,1,0,,,,,,,,,,,
1,4,0.057,NaN,NaN,NaN,11.6,NaN,NaN,NaN,NaN,NaN,NaN,NaN,NaN,8,3,2,1,1,,,,,,,,,,,
1,3,0.086,NaN,NaN,NaN,19.1,NaN,NaN,NaN,NaN,NaN,NaN,NaN,NaN,8,3,2,1,1,,,,,,,,,,,
1,2,0.104,NaN,NaN,NaN,27.0,NaN,NaN,NaN,NaN,NaN,NaN,NaN,NaN,8,3,2,1,1,,,,,,,,,,,
1,1,0.130,NaN,NaN,NaN,41.9,NaN,NaN,NaN,NaN,NaN,NaN,NaN,NaN,8,3,2,1,1,,,,,,,,,,,
5,3,0.153,NaN,NaN,NaN,25.5,NaN,NaN,NaN,NaN,NaN,NaN,NaN,NaN,8,3,2,1,0,,,,,,,,,,,
2,4,0.073,NaN,NaN,NaN,12.4,NaN,NaN,NaN,NaN,NaN,NaN,NaN,NaN,8,3,2,1,1,,,,,,,,,,,
2,3,0.105,NaN,NaN,NaN,23.1,NaN,NaN,NaN,NaN,NaN,NaN,NaN,NaN,8,3,2,1,1,,,,,,,,,,,
1,0,0.137,NaN,NaN,NaN,47.0,NaN,NaN,NaN,NaN,NaN,NaN,NaN,NaN,8,3,2,1,1,,,,,,,,,,,
2,2,0.136,NaN,NaN,NaN,35.0,NaN,NaN,NaN,NaN,NaN,NaN,NaN,NaN,8,3,2,1,1,,,,,,,,,,,
3,0,0.170,NaN,NaN,NaN,53.9,NaN,NaN,NaN,NaN,NaN,NaN,NaN,NaN,8,3,2,1,1,,,,,,,,,,,
3,1,0.166,NaN,NaN,NaN,46.6,NaN,NaN,NaN,NaN,NaN,NaN,NaN,NaN,8,3,2,1,1,,,,,,,,,,,
3,2,0.147,NaN,NaN,NaN,35.8,NaN,NaN,NaN,NaN,NaN,NaN,NaN,NaN,8,3,2,1,1,,,,,,,,,,,
3,3,0.122,NaN,NaN,NaN,23.9,NaN,NaN,NaN,NaN,NaN,NaN,NaN,NaN,8,3,2,1,1,,,,,,,,,,,
3,4,0.084,NaN,NaN,NaN,14.8,NaN,NaN,NaN,NaN,NaN,NaN,NaN,NaN,8,3,2,1,1,,,,,,,,,,,
3,5,0.064,NaN,NaN,NaN,7.6,NaN,NaN,NaN,NaN,NaN,NaN,NaN,NaN,8,3,2,1,1,,,,,,,,,,,
2,0,0.143,NaN,NaN,NaN,50.6,NaN,NaN,NaN,NaN,NaN,NaN,NaN,NaN,8,3,2,1,1,,,,,,,,,,,
4,1,0.177,NaN,NaN,NaN,47.4,NaN,NaN,NaN,NaN,NaN,NaN,NaN,NaN,8,3,2,1,1,,,,,,,,,,,
5,5,0.069,NaN,NaN,NaN,10.9,NaN,NaN,NaN,NaN,NaN,NaN,NaN,NaN,8,3,2,1,1,,,,,,,,,,,
2,1,0.150,NaN,NaN,NaN,46.6,NaN,NaN,NaN,NaN,NaN,NaN,NaN,NaN,8,3,2,1,1,,,,,,,,,,,
5,1,0.181,NaN,NaN,NaN,47.3,NaN,NaN,NaN,NaN,NaN,NaN,NaN,NaN,8,3,2,1,1,,,,,,,,,,,
4,2,0.153,NaN,NaN,NaN,37.9,NaN,NaN,NaN,NaN,NaN,NaN,NaN,NaN,8,3,2,1,0,,,,,,,,,,,
5,2,0.172,NaN,NaN,NaN,33.3,NaN,NaN,NaN,NaN,NaN,NaN,NaN,NaN,8,3,2,1,1,,,,,,,,,,,
5,6,0.060,NaN,NaN,NaN,7.7,NaN,NaN,NaN,NaN,NaN,NaN,NaN,NaN,8,3,2,1,1,,,,,,,,,,,
5,3,0.145,NaN,NaN,NaN,25.4,NaN,NaN,NaN,NaN,NaN,NaN,NaN,NaN,8,3,2,1,1,,,,,,,,,,,
4,0,0.193,NaN,NaN,NaN,55.1,NaN,NaN,NaN,NaN,NaN,NaN,NaN,NaN,8,3,2,1,0,,,,,,,,,,,
4,2,0.168,NaN,NaN,NaN,37.6,NaN,NaN,NaN,NaN,NaN,NaN,NaN,NaN,8,3,2,1,1,,,,,,,,,,,
5,4,0.120,NaN,NaN,NaN,16.5,NaN,NaN,NaN,NaN,NaN,NaN,NaN,NaN,8,3,2,1,1,,,,,,,,,,,
4,1,0.175,NaN,NaN,NaN,47.3,NaN,NaN,NaN,NaN,NaN,NaN,NaN,NaN,8,3,2,1,0,,,,,,,,,,,
4,0,0.193,NaN,NaN,NaN,55.3,NaN,NaN,NaN,NaN,NaN,NaN,NaN,NaN,8,3,2,1,1,,,,,,,,,,,
4,7,0.054,NaN,NaN,NaN,5.5,NaN,NaN,NaN,NaN,NaN,NaN,NaN,NaN,8,3,2,1,0,,,,,,,,,,,
5,7,0.065,NaN,NaN,NaN,5.4,NaN,NaN,NaN,NaN,NaN,NaN,NaN,NaN,8,3,2,1,1,,,,,,,,,,,
4,6,0.064,NaN,NaN,NaN,8.0,NaN,NaN,NaN,NaN,NaN,NaN,NaN,NaN,8,3,2,1,1,,,,,,,,,,,
5,8,0.049,NaN,NaN,NaN,4.6,NaN,NaN,NaN,NaN,NaN,NaN,NaN,NaN,8,3,2,1,1,,,,,,,,,,,
4,4,0.118,NaN,NaN,NaN,19.3,NaN,NaN,NaN,NaN,NaN,NaN,NaN,NaN,8,3,2,1,1,,,,,,,,,,,
4,5,0.076,NaN,NaN,NaN,12.4,NaN,NaN,NaN,NaN,NaN,NaN,NaN,NaN,8,3,2,1,1,,,,,,,,,,,
4,3,0.147,NaN,NaN,NaN,28.3,NaN,NaN,NaN,NaN,NaN,NaN,NaN,NaN,8,3,2,1,0,,,,,,,,,,,
1,2,0.117,NaN,NaN,NaN,31.2,NaN,NaN,NaN,NaN,NaN,NaN,NaN,NaN,8,3,2,1,0,,,,,,,,,,,
1,1,0.132,NaN,NaN,NaN,40.9,NaN,NaN,NaN,NaN,NaN,NaN,NaN,NaN,8,3,2,1,0,,,,,,,,,,,
4,3,0.145,NaN,NaN,NaN,27.7,NaN,NaN,NaN,NaN,NaN,NaN,NaN,NaN,8,3,2,1,1,,,,,,,,,,,
4,4,0.115,NaN,NaN,NaN,18.6,NaN,NaN,NaN,NaN,NaN,NaN,NaN,NaN,8,3,2,1,0,,,,,,,,,,,
4,6,0.068,NaN,NaN,NaN,8.5,NaN,NaN,NaN,NaN,NaN,NaN,NaN,NaN,8,3,2,1,0,,,,,,,,,,,
5,6,0.076,NaN,NaN,NaN,7.4,NaN,NaN,NaN,NaN,NaN,NaN,NaN,NaN,8,3,2,1,0,,,,,,,,,,,
5,8,0.042,NaN,NaN,NaN,4.2,NaN,NaN,NaN,NaN,NaN,NaN,NaN,NaN,8,3,2,1,0,,,,,,,,,,,
3,2,0.126,NaN,NaN,NaN,30.3,NaN,NaN,NaN,NaN,NaN,NaN,NaN,NaN,8,3,2,1,0,,,,,,,,,,,
1,0,0.142,NaN,NaN,NaN,46.0,NaN,NaN,NaN,NaN,NaN,NaN,NaN,NaN,8,3,2,1,0,,,,,,,,,,,
2,4,0.069,NaN,NaN,NaN,5.1,NaN,NaN,NaN,NaN,NaN,NaN,NaN,NaN,8,3,2,1,0,,,,,,,,,,,
2,3,0.102,NaN,NaN,NaN,23.4,NaN,NaN,NaN,NaN,NaN,NaN,NaN,NaN,8,3,2,1,0,,,,,,,,,,,
2,2,0.131,NaN,NaN,NaN,35.3,NaN,NaN,NaN,NaN,NaN,NaN,NaN,NaN,8,3,2,1,0,,,,,,,,,,,
2,1,0.133,NaN,NaN,NaN,45.0,NaN,NaN,NaN,NaN,NaN,NaN,NaN,NaN,8,3,2,1,0,,,,,,,,,,,
2,0,0.147,NaN,NaN,NaN,49.7,NaN,NaN,NaN,NaN,NaN,NaN,NaN,NaN,8,3,2,1,0,,,,,,,,,,,
3,0,0.165,NaN,NaN,NaN,54.0,NaN,NaN,NaN,NaN,NaN,NaN,NaN,NaN,8,3,2,1,0,,,,,,,,,,,
1,4,0.062,NaN,NaN,NaN,10.5,NaN,NaN,NaN,NaN,NaN,NaN,NaN,NaN,8,3,2,1,0,,,,,,,,,,,
1,3,0.085,NaN,NaN,NaN,19.1,NaN,NaN,NaN,NaN,NaN,NaN,NaN,NaN,8,3,2,1,0,,,,,,,,,,,
3,1,0.166,NaN,NaN,NaN,46.1,NaN,NaN,NaN,NaN,NaN,NaN,NaN,NaN,8,3,2,1,0,,,,,,,,,,,
3,5,0.065,NaN,NaN,NaN,7.8,NaN,NaN,NaN,NaN,NaN,NaN,NaN,NaN,8,3,2,1,0,,,,,,,,,,,
3,4,0.082,NaN,NaN,NaN,14.5,NaN,NaN,NaN,NaN,NaN,NaN,NaN,NaN,8,3,2,1,0,,,,,,,,,,,
5,7,0.055,NaN,NaN,NaN,5.5,NaN,NaN,NaN,NaN,NaN,NaN,NaN,NaN,8,3,2,1,0,,,,,,,,,,,
3,3,0.116,NaN,NaN,NaN,25.0,NaN,NaN,NaN,NaN,NaN,NaN,NaN,NaN,8,3,2,1,0,,,,,,,,,,,
1,1,0.108,NaN,NaN,NaN,22.2,NaN,NaN,NaN,NaN,NaN,NaN,NaN,NaN,8,1,2,1,0,,,,,,,,,,,
1,2,0.082,NaN,NaN,NaN,23.3,NaN,NaN,NaN,NaN,NaN,NaN,NaN,NaN,8,1,2,1,0,,,,,,,,,,,
1,3,0.076,NaN,NaN,NaN,16.8,NaN,NaN,NaN,NaN,NaN,NaN,NaN,NaN,8,1,2,1,0,,,,,,,,,,,
1,0,0.128,NaN,NaN,NaN,42.8,NaN,NaN,NaN,NaN,NaN,NaN,NaN,NaN,8,1,2,1,0,,,,,,,,,,,
2,1,0.135,NaN,NaN,NaN,41.9,NaN,NaN,NaN,NaN,NaN,NaN,NaN,NaN,8,1,2,1,0,,,,,,,,,,,
2,2,0.116,NaN,NaN,NaN,30.0,NaN,NaN,NaN,NaN,NaN,NaN,NaN,NaN,8,1,2,1,0,,,,,,,,,,,
2,3,0.093,NaN,NaN,NaN,19.9,NaN,NaN,NaN,NaN,NaN,NaN,NaN,NaN,8,1,2,1,0,,,,,,,,,,,
2,4,0.064,NaN,NaN,NaN,10.6,NaN,NaN,NaN,NaN,NaN,NaN,NaN,NaN,8,1,2,1,0,,,,,,,,,,,
2,0,0.134,NaN,NaN,NaN,46.0,NaN,NaN,NaN,NaN,NaN,NaN,NaN,NaN,8,1,2,1,0,,,,,,,,,,,
3,1,0.156,NaN,NaN,NaN,43.0,NaN,NaN,NaN,NaN,NaN,NaN,NaN,NaN,8,1,2,1,0,,,,,,,,,,,
3,2,0.136,NaN,NaN,NaN,32.1,NaN,NaN,NaN,NaN,NaN,NaN,NaN,NaN,8,1,2,1,0,,,,,,,,,,,
3,3,0.119,NaN,NaN,NaN,22.1,NaN,NaN,NaN,NaN,NaN,NaN,NaN,NaN,8,1,2,1,0,,,,,,,,,,,
3,4,0.080,NaN,NaN,NaN,14.4,NaN,NaN,NaN,NaN,NaN,NaN,NaN,NaN,8,1,2,1,0,,,,,,,,,,,
3,5,0.066,NaN,NaN,NaN,7.8,NaN,NaN,NaN,NaN,NaN,NaN,NaN,NaN,8,1,2,1,0,,,,,,,,,,,
4,1,0.158,NaN,NaN,NaN,43.5,NaN,NaN,NaN,NaN,NaN,NaN,NaN,NaN,8,1,2,1,0,,,,,,,,,,,
4,2,0.149,NaN,NaN,NaN,33.2,NaN,NaN,NaN,NaN,NaN,NaN,NaN,NaN,8,1,2,1,0,,,,,,,,,,,
4,3,0.134,NaN,NaN,NaN,24.0,NaN,NaN,NaN,NaN,NaN,NaN,NaN,NaN,8,1,2,1,0,,,,,,,,,,,
4,4,0.090,NaN,NaN,NaN,16.9,NaN,NaN,NaN,NaN,NaN,NaN,NaN,NaN,8,1,2,1,0,,,,,,,,,,,
4,5,0.082,NaN,NaN,NaN,10.5,NaN,NaN,NaN,NaN,NaN,NaN,NaN,NaN,8,1,2,1,0,,,,,,,,,,,
4,6,0.065,NaN,NaN,NaN,6.7,NaN,NaN,NaN,NaN,NaN,NaN,NaN,NaN,8,1,2,1,0,,,,,,,,,,,
4,7,0.054,NaN,NaN,NaN,4.7,NaN,NaN,NaN,NaN,NaN,NaN,NaN,NaN,8,1,2,1,0,,,,,,,,,,,
4,0,0.179,NaN,NaN,NaN,52.3,NaN,NaN,NaN,NaN,NaN,NaN,NaN,NaN,8,1,2,1,0,,,,,,,,,,,
5,1,0.167,NaN,NaN,NaN,42.5,NaN,NaN,NaN,NaN,NaN,NaN,NaN,NaN,8,1,2,1,0,,,,,,,,,,,
5,2,0.142,NaN,NaN,NaN,28.1,NaN,NaN,NaN,NaN,NaN,NaN,NaN,NaN,8,1,2,1,0,,,,,,,,,,,
5,3,0.140,NaN,NaN,NaN,22.2,NaN,NaN,NaN,NaN,NaN,NaN,NaN,NaN,8,1,2,1,0,,,,,,,,,,,
5,4,0.100,NaN,NaN,NaN,15.1,NaN,NaN,NaN,NaN,NaN,NaN,NaN,NaN,8,1,2,1,0,,,,,,,,,,,
5,5,0.079,NaN,NaN,NaN,8.8,NaN,NaN,NaN,NaN,NaN,NaN,NaN,NaN,8,1,2,1,0,,,,,,,,,,,
5,6,0.065,NaN,NaN,NaN,6.3,NaN,NaN,NaN,NaN,NaN,NaN,NaN,NaN,8,1,2,1,0,,,,,,,,,,,
5,7,0.050,NaN,NaN,NaN,4.8,NaN,NaN,NaN,NaN,NaN,NaN,NaN,NaN,8,1,2,1,0,,,,,,,,,,,
3,0,0.164,NaN,NaN,NaN,41.1,NaN,NaN,NaN,NaN,NaN,NaN,NaN,NaN,8,1,2,1,0,,,,,,,,,,,
1,1,0.107,NaN,NaN,NaN,36.6,NaN,NaN,NaN,NaN,NaN,NaN,NaN,NaN,8,1,2,1,1,,,,,,,,,,,
1,2,0.099,NaN,NaN,NaN,27.9,NaN,NaN,NaN,NaN,NaN,NaN,NaN,NaN,8,1,2,1,1,,,,,,,,,,,
1,3,0.084,NaN,NaN,NaN,19.2,NaN,NaN,NaN,NaN,NaN,NaN,NaN,NaN,8,1,2,1,1,,,,,,,,,,,
1,4,0.048,NaN,NaN,NaN,10.8,NaN,NaN,NaN,NaN,NaN,NaN,NaN,NaN,8,1,2,1,1,,,,,,,,,,,
1,0,0.117,NaN,NaN,NaN,43.2,NaN,NaN,NaN,NaN,NaN,NaN,NaN,NaN,8,1,2,1,1,,,,,,,,,,,
2,1,0.134,NaN,NaN,NaN,42.3,NaN,NaN,NaN,NaN,NaN,NaN,NaN,NaN,8,1,2,1,1,,,,,,,,,,,
2,2,0.118,NaN,NaN,NaN,30.2,NaN,NaN,NaN,NaN,NaN,NaN,NaN,NaN,8,1,2,1,1,,,,,,,,,,,
2,3,0.092,NaN,NaN,NaN,19.6,NaN,NaN,NaN,NaN,NaN,NaN,NaN,NaN,8,1,2,1,1,,,,,,,,,,,
2,4,0.065,NaN,NaN,NaN,10.3,NaN,NaN,NaN,NaN,NaN,NaN,NaN,NaN,8,1,2,1,1,,,,,,,,,,,
2,0,0.135,NaN,NaN,NaN,46.3,NaN,NaN,NaN,NaN,NaN,NaN,NaN,NaN,8,1,2,1,1,,,,,,,,,,,
3,1,0.157,NaN,NaN,NaN,43.5,NaN,NaN,NaN,NaN,NaN,NaN,NaN,NaN,8,1,2,1,1,,,,,,,,,,,
3,2,0.132,NaN,NaN,NaN,32.2,NaN,NaN,NaN,NaN,NaN,NaN,NaN,NaN,8,1,2,1,1,,,,,,,,,,,
3,3,0.115,NaN,NaN,NaN,21.5,NaN,NaN,NaN,NaN,NaN,NaN,NaN,NaN,8,1,2,1,1,,,,,,,,,,,
3,4,0.087,NaN,NaN,NaN,13.1,NaN,NaN,NaN,NaN,NaN,NaN,NaN,NaN,8,1,2,1,1,,,,,,,,,,,
3,5,0.063,NaN,NaN,NaN,8.7,NaN,NaN,NaN,NaN,NaN,NaN,NaN,NaN,8,1,2,1,1,,,,,,,,,,,
4,1,0.141,NaN,NaN,NaN,43.0,NaN,NaN,NaN,NaN,NaN,NaN,NaN,NaN,8,1,2,1,1,,,,,,,,,,,
4,2,0.141,NaN,NaN,NaN,32.6,NaN,NaN,NaN,NaN,NaN,NaN,NaN,NaN,8,1,2,1,1,,,,,,,,,,,
4,3,0.134,NaN,NaN,NaN,23.6,NaN,NaN,NaN,NaN,NaN,NaN,NaN,NaN,8,1,2,1,1,,,,,,,,,,,
4,4,0.096,NaN,NaN,NaN,15.6,NaN,NaN,NaN,NaN,NaN,NaN,NaN,NaN,8,1,2,1,1,,,,,,,,,,,
4,5,0.085,NaN,NaN,NaN,10.7,NaN,NaN,NaN,NaN,NaN,NaN,NaN,NaN,8,1,2,1,1,,,,,,,,,,,
4,6,0.069,NaN,NaN,NaN,6.4,NaN,NaN,NaN,NaN,NaN,NaN,NaN,NaN,8,1,2,1,1,,,,,,,,,,,
4,7,0.047,NaN,NaN,NaN,5.0,NaN,NaN,NaN,NaN,NaN,NaN,NaN,NaN,8,1,2,1,1,,,,,,,,,,,
4,0,0.186,NaN,NaN,NaN,52.4,NaN,NaN,NaN,NaN,NaN,NaN,NaN,NaN,8,1,2,1,1,,,,,,,,,,,
5,1,0.172,NaN,NaN,NaN,42.1,NaN,NaN,NaN,NaN,NaN,NaN,NaN,NaN,8,1,2,1,1,,,,,,,,,,,
5,2,0.133,NaN,NaN,NaN,27.6,NaN,NaN,NaN,NaN,NaN,NaN,NaN,NaN,8,1,2,1,1,,,,,,,,,,,
5,3,0.133,NaN,NaN,NaN,22.0,NaN,NaN,NaN,NaN,NaN,NaN,NaN,NaN,8,1,2,1,1,,,,,,,,,,,
5,4,0.107,NaN,NaN,NaN,14.8,NaN,NaN,NaN,NaN,NaN,NaN,NaN,NaN,8,1,2,1,1,,,,,,,,,,,
5,5,0.084,NaN,NaN,NaN,9.6,NaN,NaN,NaN,NaN,NaN,NaN,NaN,NaN,8,1,2,1,1,,,,,,,,,,,
5,6,0.066,NaN,NaN,NaN,6.7,NaN,NaN,NaN,NaN,NaN,NaN,NaN,NaN,8,1,2,1,1,,,,,,,,,,,
5,7,0.055,NaN,NaN,NaN,5.0,NaN,NaN,NaN,NaN,NaN,NaN,NaN,NaN,8,1,2,1,1,,,,,,,,,,,
3,0,0.166,NaN,NaN,NaN,50.4,NaN,NaN,NaN,NaN,NaN,NaN,NaN,NaN,8,1,2,1,1,,,,,,,,,,,
1,1,0.109,NaN,NaN,NaN,34.5,NaN,NaN,NaN,NaN,NaN,NaN,NaN,NaN,8,2,2,1,0,,,,,,,,,,,
1,2,0.098,NaN,NaN,NaN,24.9,NaN,NaN,NaN,NaN,NaN,NaN,NaN,NaN,8,2,2,1,0,,,,,,,,,,,
1,3,0.070,NaN,NaN,NaN,14.7,NaN,NaN,NaN,NaN,NaN,NaN,NaN,NaN,8,2,2,1,0,,,,,,,,,,,
1,4,0.053,NaN,NaN,NaN,9.1,NaN,NaN,NaN,NaN,NaN,NaN,NaN,NaN,8,2,2,1,0,,,,,,,,,,,
1,0,0.118,NaN,NaN,NaN,45.3,NaN,NaN,NaN,NaN,NaN,NaN,NaN,NaN,8,2,2,1,0,,,,,,,,,,,
2,1,0.125,NaN,NaN,NaN,45.3,NaN,NaN,NaN,NaN,NaN,NaN,NaN,NaN,8,2,2,1,0,,,,,,,,,,,
2,2,0.105,NaN,NaN,NaN,28.8,NaN,NaN,NaN,NaN,NaN,NaN,NaN,NaN,8,2,2,1,0,,,,,,,,,,,
2,3,0.090,NaN,NaN,NaN,19.3,NaN,NaN,NaN,NaN,NaN,NaN,NaN,NaN,8,2,2,1,0,,,,,,,,,,,
2,4,0.071,NaN,NaN,NaN,10.2,NaN,NaN,NaN,NaN,NaN,NaN,NaN,NaN,8,2,2,1,0,,,,,,,,,,,
2,0,0.130,NaN,NaN,NaN,31.0,NaN,NaN,NaN,NaN,NaN,NaN,NaN,NaN,8,2,2,1,0,,,,,,,,,,,
3,1,0.148,NaN,NaN,NaN,34.5,NaN,NaN,NaN,NaN,NaN,NaN,NaN,NaN,8,2,2,1,0,,,,,,,,,,,
3,2,0.140,NaN,NaN,NaN,33.8,NaN,NaN,NaN,NaN,NaN,NaN,NaN,NaN,8,2,2,1,0,,,,,,,,,,,
3,3,0.083,NaN,NaN,NaN,22.6,NaN,NaN,NaN,NaN,NaN,NaN,NaN,NaN,8,2,2,1,0,,,,,,,,,,,
3,4,0.089,NaN,NaN,NaN,13.4,NaN,NaN,NaN,NaN,NaN,NaN,NaN,NaN,8,2,2,1,0,,,,,,,,,,,
3,5,0.059,NaN,NaN,NaN,7.5,NaN,NaN,NaN,NaN,NaN,NaN,NaN,NaN,8,2,2,1,0,,,,,,,,,,,
3,6,0.043,NaN,NaN,NaN,4.0,NaN,NaN,NaN,NaN,NaN,NaN,NaN,NaN,8,2,2,1,0,,,,,,,,,,,
4,1,0.157,NaN,NaN,NaN,47.1,NaN,NaN,NaN,NaN,NaN,NaN,NaN,NaN,8,2,2,1,0,,,,,,,,,,,
4,2,0.156,NaN,NaN,NaN,36.7,NaN,NaN,NaN,NaN,NaN,NaN,NaN,NaN,8,2,2,1,0,,,,,,,,,,,
4,3,0.135,NaN,NaN,NaN,25.1,NaN,NaN,NaN,NaN,NaN,NaN,NaN,NaN,8,2,2,1,0,,,,,,,,,,,
4,4,0.108,NaN,NaN,NaN,15.7,NaN,NaN,NaN,NaN,NaN,NaN,NaN,NaN,8,2,2,1,0,,,,,,,,,,,
4,5,0.085,NaN,NaN,NaN,9.8,NaN,NaN,NaN,NaN,NaN,NaN,NaN,NaN,8,2,2,1,0,,,,,,,,,,,
4,6,0.061,NaN,NaN,NaN,7.8,NaN,NaN,NaN,NaN,NaN,NaN,NaN,NaN,8,2,2,1,0,,,,,,,,,,,
4,7,0.052,NaN,NaN,NaN,5.2,NaN,NaN,NaN,NaN,NaN,NaN,NaN,NaN,8,2,2,1,0,,,,,,,,,,,
4,0,0.079,NaN,NaN,NaN,30.8,NaN,NaN,NaN,NaN,NaN,NaN,NaN,NaN,8,2,2,1,0,,,,,,,,,,,
5,1,0.179,NaN,NaN,NaN,47.1,NaN,NaN,NaN,NaN,NaN,NaN,NaN,NaN,8,2,2,1,0,,,,,,,,,,,
5,2,0.152,NaN,NaN,NaN,38.4,NaN,NaN,NaN,NaN,NaN,NaN,NaN,NaN,8,2,2,1,0,,,,,,,,,,,
5,3,0.146,NaN,NaN,NaN,24.5,NaN,NaN,NaN,NaN,NaN,NaN,NaN,NaN,8,2,2,1,0,,,,,,,,,,,
5,4,0.110,NaN,NaN,NaN,14.0,NaN,NaN,NaN,NaN,NaN,NaN,NaN,NaN,8,2,2,1,0,,,,,,,,,,,
5,5,0.083,NaN,NaN,NaN,9.1,NaN,NaN,NaN,NaN,NaN,NaN,NaN,NaN,8,2,2,1,0,,,,,,,,,,,
5,6,0.064,NaN,NaN,NaN,6.9,NaN,NaN,NaN,NaN,NaN,NaN,NaN,NaN,8,2,2,1,0,,,,,,,,,,,
5,7,0.048,NaN,NaN,NaN,5.8,NaN,NaN,NaN,NaN,NaN,NaN,NaN,NaN,8,2,2,1,0,,,,,,,,,,,
5,8,0.047,NaN,NaN,NaN,4.4,NaN,NaN,NaN,NaN,NaN,NaN,NaN,NaN,8,2,2,1,0,,,,,,,,,,,
3,0,0.145,NaN,NaN,NaN,51.5,NaN,NaN,NaN,NaN,NaN,NaN,NaN,NaN,8,2,2,1,0,,,,,,,,,,,
1,1,0.100,NaN,NaN,NaN,34.2,NaN,NaN,NaN,NaN,NaN,NaN,NaN,NaN,8,2,2,1,1,,,,,,,,,,,
1,3,0.079,NaN,NaN,NaN,16.3,NaN,NaN,NaN,NaN,NaN,NaN,NaN,NaN,8,2,2,1,1,,,,,,,,,,,
1,4,0.057,NaN,NaN,NaN,11.2,NaN,NaN,NaN,NaN,NaN,NaN,NaN,NaN,8,2,2,1,1,,,,,,,,,,,
1,0,0.106,NaN,NaN,NaN,37.9,NaN,NaN,NaN,NaN,NaN,NaN,NaN,NaN,8,2,2,1,1,,,,,,,,,,,
2,1,0.091,NaN,NaN,NaN,35.0,NaN,NaN,NaN,NaN,NaN,NaN,NaN,NaN,8,2,2,1,1,,,,,,,,,,,
2,2,0.100,NaN,NaN,NaN,21.3,NaN,NaN,NaN,NaN,NaN,NaN,NaN,NaN,8,2,2,1,1,,,,,,,,,,,
2,3,0.095,NaN,NaN,NaN,20.6,NaN,NaN,NaN,NaN,NaN,NaN,NaN,NaN,8,2,2,1,1,,,,,,,,,,,
2,4,0.067,NaN,NaN,NaN,10.9,NaN,NaN,NaN,NaN,NaN,NaN,NaN,NaN,8,2,2,1,1,,,,,,,,,,,
2,0,0.133,NaN,NaN,NaN,46.5,NaN,NaN,NaN,NaN,NaN,NaN,NaN,NaN,8,2,2,1,1,,,,,,,,,,,
3,1,0.150,NaN,NaN,NaN,34.7,NaN,NaN,NaN,NaN,NaN,NaN,NaN,NaN,8,2,2,1,1,,,,,,,,,,,
3,2,0.141,NaN,NaN,NaN,32.7,NaN,NaN,NaN,NaN,NaN,NaN,NaN,NaN,8,2,2,1,1,,,,,,,,,,,
3,3,0.112,NaN,NaN,NaN,22.4,NaN,NaN,NaN,NaN,NaN,NaN,NaN,NaN,8,2,2,1,1,,,,,,,,,,,
3,4,0.089,NaN,NaN,NaN,13.1,NaN,NaN,NaN,NaN,NaN,NaN,NaN,NaN,8,2,2,1,1,,,,,,,,,,,
3,5,0.053,NaN,NaN,NaN,7.6,NaN,NaN,NaN,NaN,NaN,NaN,NaN,NaN,8,2,2,1,1,,,,,,,,,,,
4,1,0.155,NaN,NaN,NaN,47.4,NaN,NaN,NaN,NaN,NaN,NaN,NaN,NaN,8,2,2,1,1,,,,,,,,,,,
4,2,0.150,NaN,NaN,NaN,37.4,NaN,NaN,NaN,NaN,NaN,NaN,NaN,NaN,8,2,2,1,1,,,,,,,,,,,
4,3,0.139,NaN,NaN,NaN,25.7,NaN,NaN,NaN,NaN,NaN,NaN,NaN,NaN,8,2,2,1,1,,,,,,,,,,,
4,4,0.120,NaN,NaN,NaN,17.6,NaN,NaN,NaN,NaN,NaN,NaN,NaN,NaN,8,2,2,1,1,,,,,,,,,,,
4,5,0.091,NaN,NaN,NaN,10.6,NaN,NaN,NaN,NaN,NaN,NaN,NaN,NaN,8,2,2,1,1,,,,,,,,,,,
4,0,0.155,NaN,NaN,NaN,52.6,NaN,NaN,NaN,NaN,NaN,NaN,NaN,NaN,8,2,2,1,1,,,,,,,,,,,
5,1,0.171,NaN,NaN,NaN,45.1,NaN,NaN,NaN,NaN,NaN,NaN,NaN,NaN,8,2,2,1,1,,,,,,,,,,,
5,2,0.162,NaN,NaN,NaN,37.2,NaN,NaN,NaN,NaN,NaN,NaN,NaN,NaN,8,2,2,1,1,,,,,,,,,,,
5,3,0.137,NaN,NaN,NaN,24.5,NaN,NaN,NaN,NaN,NaN,NaN,NaN,NaN,8,2,2,1,1,,,,,,,,,,,
5,5,0.086,NaN,NaN,NaN,9.5,NaN,NaN,NaN,NaN,NaN,NaN,NaN,NaN,8,2,2,1,1,,,,,,,,,,,
5,6,0.074,NaN,NaN,NaN,7.6,NaN,NaN,NaN,NaN,NaN,NaN,NaN,NaN,8,2,2,1,1,,,,,,,,,,,
5,7,0.068,NaN,NaN,NaN,6.2,NaN,NaN,NaN,NaN,NaN,NaN,NaN,NaN,8,2,2,1,1,,,,,,,,,,,
3,0,0.152,NaN,NaN,NaN,51.6,NaN,NaN,NaN,NaN,NaN,NaN,NaN,NaN,8,2,2,1,1,,,,,,,,,,,
1,1,0.116,NaN,NaN,NaN,33.1,NaN,NaN,NaN,NaN,NaN,NaN,NaN,NaN,8,4,2,1,0,,,,,,,,,,,
1,2,0.092,NaN,NaN,NaN,26.7,NaN,NaN,NaN,NaN,NaN,NaN,NaN,NaN,8,4,2,1,0,,,,,,,,,,,
1,3,0.068,NaN,NaN,NaN,16.8,NaN,NaN,NaN,NaN,NaN,NaN,NaN,NaN,8,4,2,1,0,,,,,,,,,,,
1,4,0.043,NaN,NaN,NaN,8.8,NaN,NaN,NaN,NaN,NaN,NaN,NaN,NaN,8,4,2,1,0,,,,,,,,,,,
1,0,0.106,NaN,NaN,NaN,41.0,NaN,NaN,NaN,NaN,NaN,NaN,NaN,NaN,8,4,2,1,0,,,,,,,,,,,
2,1,0.133,NaN,NaN,NaN,42.7,NaN,NaN,NaN,NaN,NaN,NaN,NaN,NaN,8,4,2,1,0,,,,,,,,,,,
2,2,0.118,NaN,NaN,NaN,31.7,NaN,NaN,NaN,NaN,NaN,NaN,NaN,NaN,8,4,2,1,0,,,,,,,,,,,
2,3,0.088,NaN,NaN,NaN,20.8,NaN,NaN,NaN,NaN,NaN,NaN,NaN,NaN,8,4,2,1,0,,,,,,,,,,,
2,0,0.090,NaN,NaN,NaN,35.7,NaN,NaN,NaN,NaN,NaN,NaN,NaN,NaN,8,4,2,1,0,,,,,,,,,,,
3,1,0.154,NaN,NaN,NaN,45.6,NaN,NaN,NaN,NaN,NaN,NaN,NaN,NaN,8,4,2,1,0,,,,,,,,,,,
3,2,0.138,NaN,NaN,NaN,31.0,NaN,NaN,NaN,NaN,NaN,NaN,NaN,NaN,8,4,2,1,0,,,,,,,,,,,
3,3,0.110,NaN,NaN,NaN,23.2,NaN,NaN,NaN,NaN,NaN,NaN,NaN,NaN,8,4,2,1,0,,,,,,,,,,,
3,4,0.074,NaN,NaN,NaN,11.4,NaN,NaN,NaN,NaN,NaN,NaN,NaN,NaN,8,4,2,1,0,,,,,,,,,,,
3,5,0.060,NaN,NaN,NaN,7.9,NaN,NaN,NaN,NaN,NaN,NaN,NaN,NaN,8,4,2,1,0,,,,,,,,,,,
4,1,0.178,NaN,NaN,NaN,42.6,NaN,NaN,NaN,NaN,NaN,NaN,NaN,NaN,8,4,2,1,0,,,,,,,,,,,
4,2,0.145,NaN,NaN,NaN,35.0,NaN,NaN,NaN,NaN,NaN,NaN,NaN,NaN,8,4,2,1,0,,,,,,,,,,,
4,3,0.136,NaN,NaN,NaN,23.9,NaN,NaN,NaN,NaN,NaN,NaN,NaN,NaN,8,4,2,1,0,,,,,,,,,,,
4,4,0.106,NaN,NaN,NaN,17.3,NaN,NaN,NaN,NaN,NaN,NaN,NaN,NaN,8,4,2,1,0,,,,,,,,,,,
4,5,0.085,NaN,NaN,NaN,10.7,NaN,NaN,NaN,NaN,NaN,NaN,NaN,NaN,8,4,2,1,0,,,,,,,,,,,
4,0,0.169,NaN,NaN,NaN,52.0,NaN,NaN,NaN,NaN,NaN,NaN,NaN,NaN,8,4,2,1,0,,,,,,,,,,,
5,1,0.183,NaN,NaN,NaN,46.6,NaN,NaN,NaN,NaN,NaN,NaN,NaN,NaN,8,4,2,1,0,,,,,,,,,,,
5,2,0.163,NaN,NaN,NaN,37.8,NaN,NaN,NaN,NaN,NaN,NaN,NaN,NaN,8,4,2,1,0,,,,,,,,,,,
5,3,0.157,NaN,NaN,NaN,25.3,NaN,NaN,NaN,NaN,NaN,NaN,NaN,NaN,8,4,2,1,0,,,,,,,,,,,
5,4,0.113,NaN,NaN,NaN,15.3,NaN,NaN,NaN,NaN,NaN,NaN,NaN,NaN,8,4,2,1,0,,,,,,,,,,,
5,5,0.087,NaN,NaN,NaN,9.7,NaN,NaN,NaN,NaN,NaN,NaN,NaN,NaN,8,4,2,1,0,,,,,,,,,,,
5,6,0.071,NaN,NaN,NaN,7.3,NaN,NaN,NaN,NaN,NaN,NaN,NaN,NaN,8,4,2,1,0,,,,,,,,,,,
5,7,0.050,NaN,NaN,NaN,5.8,NaN,NaN,NaN,NaN,NaN,NaN,NaN,NaN,8,4,2,1,0,,,,,,,,,,,
5,8,0.037,NaN,NaN,NaN,4.3,NaN,NaN,NaN,NaN,NaN,NaN,NaN,NaN,8,4,2,1,0,,,,,,,,,,,
3,0,0.153,NaN,NaN,NaN,50.5,NaN,NaN,NaN,NaN,NaN,NaN,NaN,NaN,8,4,2,1,0,,,,,,,,,,,
1,1,0.102,NaN,NaN,NaN,35.7,NaN,NaN,NaN,NaN,NaN,NaN,NaN,NaN,8,4,2,1,1,,,,,,,,,,,
1,2,0.084,NaN,NaN,NaN,24.2,NaN,NaN,NaN,NaN,NaN,NaN,NaN,NaN,8,4,2,1,1,,,,,,,,,,,
1,3,0.101,NaN,NaN,NaN,13.9,NaN,NaN,NaN,NaN,NaN,NaN,NaN,NaN,8,4,2,1,1,,,,,,,,,,,
1,0,0.119,NaN,NaN,NaN,41.9,NaN,NaN,NaN,NaN,NaN,NaN,NaN,NaN,8,4,2,1,1,,,,,,,,,,,
2,1,0.134,NaN,NaN,NaN,43.3,NaN,NaN,NaN,NaN,NaN,NaN,NaN,NaN,8,4,2,1,1,,,,,,,,,,,
2,2,0.121,NaN,NaN,NaN,32.6,NaN,NaN,NaN,NaN,NaN,NaN,NaN,NaN,8,4,2,1,1,,,,,,,,,,,
2,3,0.091,NaN,NaN,NaN,19.6,NaN,NaN,NaN,NaN,NaN,NaN,NaN,NaN,8,4,2,1,1,,,,,,,,,,,
2,0,0.108,NaN,NaN,NaN,45.6,NaN,NaN,NaN,NaN,NaN,NaN,NaN,NaN,8,4,2,1,1,,,,,,,,,,,
3,1,0.152,NaN,NaN,NaN,44.0,NaN,NaN,NaN,NaN,NaN,NaN,NaN,NaN,8,4,2,1,1,,,,,,,,,,,
3,2,0.138,NaN,NaN,NaN,34.8,NaN,NaN,NaN,NaN,NaN,NaN,NaN,NaN,8,4,2,1,1,,,,,,,,,,,
3,3,0.115,NaN,NaN,NaN,22.6,NaN,NaN,NaN,NaN,NaN,NaN,NaN,NaN,8,4,2,1,1,,,,,,,,,,,
3,4,0.087,NaN,NaN,NaN,12.9,NaN,NaN,NaN,NaN,NaN,NaN,NaN,NaN,8,4,2,1,1,,,,,,,,,,,
3,5,0.063,NaN,NaN,NaN,7.1,NaN,NaN,NaN,NaN,NaN,NaN,NaN,NaN,8,4,2,1,1,,,,,,,,,,,
4,1,0.169,NaN,NaN,NaN,47.6,NaN,NaN,NaN,NaN,NaN,NaN,NaN,NaN,8,4,2,1,1,,,,,,,,,,,
4,2,0.156,NaN,NaN,NaN,37.7,NaN,NaN,NaN,NaN,NaN,NaN,NaN,NaN,8,4,2,1,1,,,,,,,,,,,
4,3,0.138,NaN,NaN,NaN,27.7,NaN,NaN,NaN,NaN,NaN,NaN,NaN,NaN,8,4,2,1,1,,,,,,,,,,,
4,4,0.106,NaN,NaN,NaN,16.5,NaN,NaN,NaN,NaN,NaN,NaN,NaN,NaN,8,4,2,1,1,,,,,,,,,,,
4,5,0.063,NaN,NaN,NaN,4.2,NaN,NaN,NaN,NaN,NaN,NaN,NaN,NaN,8,4,2,1,1,,,,,,,,,,,
4,6,0.083,NaN,NaN,NaN,6.0,NaN,NaN,NaN,NaN,NaN,NaN,NaN,NaN,8,4,2,1,1,,,,,,,,,,,
4,0,0.173,NaN,NaN,NaN,50.4,NaN,NaN,NaN,NaN,NaN,NaN,NaN,NaN,8,4,2,1,1,,,,,,,,,,,
5,1,0.180,NaN,NaN,NaN,47.8,NaN,NaN,NaN,NaN,NaN,NaN,NaN,NaN,8,4,2,1,1,,,,,,,,,,,
5,2,0.141,NaN,NaN,NaN,36.5,NaN,NaN,NaN,NaN,NaN,NaN,NaN,NaN,8,4,2,1,1,,,,,,,,,,,
5,3,0.135,NaN,NaN,NaN,25.7,NaN,NaN,NaN,NaN,NaN,NaN,NaN,NaN,8,4,2,1,1,,,,,,,,,,,
5,4,0.112,NaN,NaN,NaN,15.2,NaN,NaN,NaN,NaN,NaN,NaN,NaN,NaN,8,4,2,1,1,,,,,,,,,,,
5,5,0.092,NaN,NaN,NaN,8.7,NaN,NaN,NaN,NaN,NaN,NaN,NaN,NaN,8,4,2,1,1,,,,,,,,,,,
5,6,0.069,NaN,NaN,NaN,6.7,NaN,NaN,NaN,NaN,NaN,NaN,NaN,NaN,8,4,2,1,1,,,,,,,,,,,
5,7,0.052,NaN,NaN,NaN,5.9,NaN,NaN,NaN,NaN,NaN,NaN,NaN,NaN,8,4,2,1,1,,,,,,,,,,,
5,8,0.046,NaN,NaN,NaN,4.4,NaN,NaN,NaN,NaN,NaN,NaN,NaN,NaN,8,4,2,1,1,,,,,,,,,,,
3,0,0.163,NaN,NaN,NaN,41.9,NaN,NaN,NaN,NaN,NaN,NaN,NaN,NaN,8,4,2,1,1,,,,,,,,,,,
